gauge,unit_weight
0.018,7.672E-05
0.02,9.339E-05
0.022,0.0001053
0.024,0.0001136
0.026,0.0001338
0.028,0.0001588
0.03,0.0001757
0.032,0.0002084
0.034,0.0002542
0.036,0.0002584
0.038,0.0002792
0.04,0.0003181
0.042,0.0003528
0.044,0.0003931
0.046,0.0004257
0.048,0.0004494
0.05,0.0004949
0.052,0.0005161
0.054,0.0005561
0.056,0.0006078
