gauge,unit_weight
0.02,9.061E-05
0.022,9.971E-05
0.024,0.0001136
0.026,0.0001334
0.028,0.0001671
0.03,0.0001896
0.032,0.0002229
0.034,0.0002542
0.036,0.000259
0.038,0.0002931
0.04,0.0003078
0.042,0.0003681
0.046,0.0004116
0.048,0.0004661
0.05,0.0004977
0.054,0.0006005
0.056,0.0006328
0.058,0.0006515
