gauge,unit_weight
0.018,7.27E-05
0.02,8.41E-05
0.02,9.726E-05
0.025,0.00014277
0.03,0.00018173
0.035,0.00022576
0.04,0.00029254
0.045,0.00039025
0.05,0.00044866
0.055,0.00054649
0.06,0.00065431
0.065,0.00077758
0.07,0.00087143
0.075,0.00099196
0.08,0.00124296
0.085,0.00136441
0.095,0.00177657
0.1,0.00186258
0.105,0.00207884
0.11,0.00246386
0.115,0.00241806
0.12,0.00274276
0.125,0.00303173
0.126,0.00296169
0.13,0.00338012
0.135,0.00336554
0.14,0.00349147
0.145,0.00361617
