gauge,unit_weight
0.020,0.00008106
0.021,0.00008944
0.022,0.00009876
0.023,0.00010801
0.024,0.00011682
0.025,0.00012686
0.026,0.00013640
0.027,0.00014834
0.029,0.00017381
0.030,0.00018660
0.032,0.00021018
0.034,0.00023887
0.035,0.00025365
0.036,0.00026830
0.039,0.00031125
0.042,0.00036722
0.045,0.00041751
0.047,0.00045289
0.049,0.00049151
0.052,0.00055223
0.053,0.00056962
0.056,0.00063477
0.059,0.00070535
0.060,0.00073039
0.062,0.00077682
0.064,0.00082780
0.066,0.00087718
0.070,0.00096833
