gauge,unit_weight
0.018,7.424E-05
0.022,0.0001024
0.024,0.0001202
0.026,0.0001528
0.028,0.0001695
0.03,0.0001829
0.032,0.0002186
0.034,0.0002485
0.036,0.0002786
0.038,0.0003128
0.04,0.0003234
0.042,0.0003701
0.044,0.0004174
0.046,0.0004404
0.048,0.0004999
0.05,0.0005332
0.052,0.000564
0.054,0.0006025
0.056,0.0006762
0.058,0.000759
